attack,seed,tp,fp,tn,fn,accuracy,precision,recall,f1,fpr,fnr,isolation_rate,mean_detection_latency_s,baseline_kbps,attack_kbps,recovered_kbps,recovery_ratio,degradation_ratio,recovery_time_s,throughput_debt_kbit,recovered,arm,isolation_s
A1,1,1,1,1,0,0.6666666666666666,0.5,1.0,0.6666666666666666,0.5,0.0,1.0,15.0,413.696,379.33817789757404,379.33817789757404,0.9169491073096525,0.9169491073096525,,16715.776000000005,False,C,
A1,1,1,1,1,0,0.6666666666666666,0.5,1.0,0.6666666666666666,0.5,0.0,1.0,15.0,370.2784,,386.2077544757033,1.043019939795849,,2.0,6846.054399999997,True,D,10.0
A1,1,1,1,1,0,0.6666666666666666,0.5,1.0,0.6666666666666666,0.5,0.0,1.0,15.0,413.696,452.19840000000016,361.2188764044944,0.8731505172989208,1.0930693069306934,145.0,23351.29600000001,True,E,45.0
A1,2,1,0,2,0,1.0,1.0,1.0,1.0,0.0,0.0,1.0,15.0,372.3264,394.0219514824797,394.0219514824797,1.0582702475099262,1.0582702475099262,,6580.223999999998,False,C,
A1,2,1,0,2,0,1.0,1.0,1.0,1.0,0.0,0.0,1.0,15.0,372.3264,344.064,342.00480874316935,0.9185618015353447,0.9240924092409242,5.0,16697.343999999994,True,D,35.0
A1,2,1,0,2,0,1.0,1.0,1.0,1.0,0.0,0.0,1.0,15.0,372.3264,418.3381333333334,354.6261573033708,0.952460414580784,1.123579024569124,0.0,13309.132799999996,True,E,45.0
A1,3,1,0,2,0,1.0,1.0,1.0,1.0,0.0,0.0,1.0,15.0,366.1824,347.939191374663,347.939191374663,0.9501799960201883,0.9501799960201883,,10942.873599999992,False,C,
A1,3,1,0,2,0,1.0,1.0,1.0,1.0,0.0,0.0,1.0,15.0,407.1424,,362.67338582677166,0.8907777372898811,,2.0,18963.660800000005,True,D,20.0
A1,3,1,0,2,0,1.0,1.0,1.0,1.0,0.0,0.0,1.0,15.0,366.1824,332.5951999999999,352.78525842696627,0.9634140210642737,0.9082774049217001,1.0,12608.307199999994,True,E,45.0
A1,4,1,0,2,0,1.0,1.0,1.0,1.0,0.0,0.0,1.0,15.0,329.3184,293.16761185983825,293.16761185983825,0.8902254227514717,0.8902254227514717,,19742.719999999998,False,C,
A1,4,1,0,2,0,1.0,1.0,1.0,1.0,0.0,0.0,1.0,15.0,328.4992,,257.8070588235294,0.7848026991345167,,14.0,28087.09119999999,True,D,10.0
A1,4,1,0,2,0,1.0,1.0,1.0,1.0,0.0,0.0,1.0,15.0,329.3184,319.488,311.10040449438196,0.9446796914304878,0.9701492537313433,78.0,10739.712,True,E,45.0
A1,5,1,0,2,0,1.0,1.0,1.0,1.0,0.0,0.0,1.0,15.0,341.1968,355.1044312668463,355.1044312668463,1.0407613180042905,1.0407613180042905,,6938.623999999998,False,C,
A1,5,1,0,2,0,1.0,1.0,1.0,1.0,0.0,0.0,1.0,15.0,339.1488,,331.27489361702123,0.9767833281940589,,3.0,10398.924799999999,True,D,25.0
A1,5,1,0,2,0,1.0,1.0,1.0,1.0,0.0,0.0,1.0,15.0,341.1968,339.1488,341.27964044943815,1.000242793746712,0.9939975990396158,0.0,10092.134399999999,True,E,45.0
A2,1,1,0,2,0,1.0,1.0,1.0,1.0,0.0,0.0,1.0,25.0,413.696,391.0079137466307,391.0079137466307,0.9451575885351338,0.9451575885351338,,15388.672000000006,False,C,
A2,1,1,0,2,0,1.0,1.0,1.0,1.0,0.0,0.0,1.0,25.0,370.2784,,305.81720716112534,0.8259115496910577,,2.0,31333.580799999992,True,D,10.0
A2,1,1,0,2,0,1.0,1.0,1.0,1.0,0.0,0.0,1.0,25.0,413.696,426.80320000000006,348.893965317919,0.8433583242717334,1.0316831683168317,82.0,26038.272000000004,True,E,55.0
A2,2,1,0,2,0,1.0,1.0,1.0,1.0,0.0,0.0,1.0,15.0,372.3264,357.3125175202156,357.3125175202156,0.959675482373035,0.959675482373035,,13271.449599999994,False,C,
A2,2,1,0,2,0,1.0,1.0,1.0,1.0,0.0,0.0,1.0,15.0,372.3264,294.0928,364.59995628415294,0.979248198043848,0.78987898789879,10.0,12250.726399999996,True,D,35.0
A2,2,1,0,2,0,1.0,1.0,1.0,1.0,0.0,0.0,1.0,15.0,372.3264,335.5989333333333,348.49366292134823,0.9359896663823684,0.9013568023469014,27.0,14779.187199999997,True,E,45.0
A2,3,1,0,2,0,1.0,1.0,1.0,1.0,0.0,0.0,1.0,35.0,366.1824,337.3624582210242,337.3624582210242,0.9212962125460542,0.9212962125460542,,15189.606399999993,False,C,
A2,3,1,0,2,0,1.0,1.0,1.0,1.0,0.0,0.0,1.0,35.0,407.1424,,365.31804724409443,0.897273404204756,,2.0,18443.468800000002,True,D,20.0
A2,3,1,0,2,0,1.0,1.0,1.0,1.0,0.0,0.0,1.0,35.0,366.1824,323.584,322.4746666666666,0.8806394481730052,0.883668903803132,3.0,19904.10239999999,True,E,65.0
A2,4,1,0,2,0,1.0,1.0,1.0,1.0,0.0,0.0,1.0,15.0,329.3184,317.7767331536388,317.7767331536388,0.9649528637137762,0.9649528637137762,,13835.468799999999,False,C,
A2,4,1,0,2,0,1.0,1.0,1.0,1.0,0.0,0.0,1.0,15.0,328.4992,,348.4952225063939,1.0608708408008114,,14.0,8489.369599999996,True,D,10.0
A2,4,1,0,2,0,1.0,1.0,1.0,1.0,0.0,0.0,1.0,15.0,329.3184,288.35839999999996,292.84098876404494,0.8892336072446755,0.8756218905472636,10.0,17014.784,True,E,45.0
A2,5,1,0,2,0,1.0,1.0,1.0,1.0,0.0,0.0,1.0,30.0,341.1968,294.3820592991913,294.3820592991913,0.8627925563756499,0.8627925563756499,,20160.921599999998,False,C,
A2,5,1,0,2,0,1.0,1.0,1.0,1.0,0.0,0.0,1.0,30.0,339.1488,,325.5339574468085,0.9598558433549181,,3.0,11966.8736,True,D,25.0
A2,5,1,0,2,0,1.0,1.0,1.0,1.0,0.0,0.0,1.0,30.0,341.1968,335.32586666666674,325.14552492668616,0.9529559624436283,0.982793117246899,6.0,12499.763200000001,True,E,60.0
A3,1,1,1,1,0,0.6666666666666666,0.5,1.0,0.6666666666666666,0.5,0.0,1.0,15.0,413.696,354.2211967654987,354.2211967654987,0.8562354887779884,0.8562354887779884,,28180.480000000007,False,C,
A3,1,1,1,1,0,0.6666666666666666,0.5,1.0,0.6666666666666666,0.5,0.0,1.0,15.0,370.2784,,328.5913861892583,0.8874171061267908,,2.0,22618.93119999999,True,D,10.0
A3,1,1,1,1,0,0.6666666666666666,0.5,1.0,0.6666666666666666,0.5,0.0,1.0,15.0,413.696,448.64853333333343,381.90597752808986,0.923156079652909,1.0844884488448847,146.0,16031.744000000006,True,E,45.0
A3,2,1,0,2,0,1.0,1.0,1.0,1.0,0.0,0.0,1.0,15.0,372.3264,367.12746091644203,367.12746091644203,0.9860366090517407,0.9860366090517407,,12875.775999999996,False,C,
A3,2,1,0,2,0,1.0,1.0,1.0,1.0,0.0,0.0,1.0,15.0,372.3264,362.0864,348.3390601092896,0.935574431760116,0.9724972497249726,0.0,17558.732799999994,True,D,35.0
A3,2,1,0,2,0,1.0,1.0,1.0,1.0,0.0,0.0,1.0,15.0,372.3264,453.8368000000001,346.6067415730337,0.9309217438597792,1.2189218921892193,0.0,16113.663999999993,True,E,45.0
A3,3,1,0,2,0,1.0,1.0,1.0,1.0,0.0,0.0,1.0,15.0,366.1824,282.480474393531,282.480474393531,0.771420129404174,0.771420129404174,,32405.094399999987,False,C,
A3,3,1,0,2,0,1.0,1.0,1.0,1.0,0.0,0.0,1.0,15.0,407.1424,,362.8991496062992,0.8913322454411508,,2.0,18943.180800000002,True,D,20.0
A3,3,1,0,2,0,1.0,1.0,1.0,1.0,0.0,0.0,1.0,15.0,366.1824,351.9829333333334,311.0658876404494,0.8494834477037929,0.9612229679343776,22.0,22951.526399999988,True,E,45.0
A3,4,1,0,2,0,1.0,1.0,1.0,1.0,0.0,0.0,1.0,15.0,329.3184,310.92062533692723,310.92062533692723,0.9441337785466201,0.9441337785466201,,15018.393600000001,False,C,
A3,4,1,0,2,0,1.0,1.0,1.0,1.0,0.0,0.0,1.0,15.0,328.4992,,348.4952225063939,1.0608708408008114,,14.0,8489.369599999996,True,D,10.0
A3,4,1,0,2,0,1.0,1.0,1.0,1.0,0.0,0.0,1.0,15.0,329.3184,253.40586666666664,323.4804494382022,0.9822726256358655,0.769485903814262,7.0,10410.3936,True,E,45.0
A3,5,1,0,2,0,1.0,1.0,1.0,1.0,0.0,0.0,1.0,15.0,341.1968,365.7142857142857,365.7142857142857,1.071857314354313,1.071857314354313,,4320.051199999999,False,C,
A3,5,1,0,2,0,1.0,1.0,1.0,1.0,0.0,0.0,1.0,15.0,339.1488,,331.27489361702123,0.9767833281940589,,3.0,10398.924799999999,True,D,25.0
A3,5,1,0,2,0,1.0,1.0,1.0,1.0,0.0,0.0,1.0,15.0,341.1968,339.1488,341.27964044943815,1.000242793746712,0.9939975990396158,0.0,10092.134399999999,True,E,45.0
